sent_at	recipients	top_product
2019-12-17 12:15:00+00	40	1002544
2019-12-18 12:15:00+00	40	1002544
2019-12-19 12:15:00+00	40	1004856
2019-12-20 12:15:00+00	40	1004856
2019-12-21 12:15:00+00	40	1004856
2019-12-22 12:15:00+00	40	1004767
2019-12-23 12:15:00+00	40	1004767
2019-12-24 12:15:00+00	40	1004767
2019-12-25 12:15:00+00	40	1004767
2019-12-26 12:15:00+00	40	1004767
2019-12-27 12:15:00+00	40	1004767
2019-12-28 12:15:00+00	40	1004767
2019-12-29 12:15:00+00	40	1004767
2019-12-30 12:15:00+00	40	1004767
2019-12-31 12:15:00+00	40	1004767