product_id	current_price	suggested_price	demand_units	created_at
1004767	254.76	267.50	40	2019-12-31 09:45:00+00
1004856	9.99	10.49	23	2019-12-31 09:45:00+00
1002544	635.14	666.90	21	2019-12-31 09:45:00+00
1005100	154.38	162.10	16	2019-12-31 09:45:00+00
4804056	161.93	170.03	14	2019-12-31 09:45:00+00
1005115	975.57	1024.35	14	2019-12-31 09:45:00+00
1005212	229.07	240.52	11	2019-12-31 09:45:00+00
1004870	286.86	301.20	9	2019-12-31 09:45:00+00
4804718	360.09	378.09	9	2019-12-31 09:45:00+00
1005116	1052.79	1105.43	9	2019-12-31 09:45:00+00
5100816	29.51	30.99	9	2019-12-31 09:45:00+00
1004785	278.54	292.47	8	2019-12-31 09:45:00+00
4100346	390.99	410.54	8	2019-12-31 09:45:00+00
1005177	900.64	945.67	8	2019-12-31 09:45:00+00
1004903	111.79	117.38	8	2019-12-31 09:45:00+00
1002524	704.48	739.70	8	2019-12-31 09:45:00+00
1005098	154.41	162.13	8	2019-12-31 09:45:00+00
1004873	388.81	408.25	7	2019-12-31 09:45:00+00
1004768	253.31	265.98	7	2019-12-31 09:45:00+00
1004249	738.61	775.54	7	2019-12-31 09:45:00+00
1004838	179.36	188.33	7	2019-12-31 09:45:00+00
4804055	188.73	198.17	7	2019-12-31 09:45:00+00
1005169	251.97	264.57	6	2019-12-31 09:45:00+00
1005159	231.41	242.98	6	2019-12-31 09:45:00+00
1005160	231.41	242.98	6	2019-12-31 09:45:00+00
1004565	177.44	186.31	5	2019-12-31 09:45:00+00
1005174	0.00	0.00	5	2019-12-31 09:45:00+00
3700926	64.08	67.28	5	2019-12-31 09:45:00+00
1004708	159.69	167.67	5	2019-12-31 09:45:00+00
1004874	383.51	402.69	5	2019-12-31 09:45:00+00
1005203	133.57	140.25	5	2019-12-31 09:45:00+00
1005135	1747.79	1835.18	5	2019-12-31 09:45:00+00
1004857	130.73	137.27	4	2019-12-31 09:45:00+00
1200947	115.41	121.18	4	2019-12-31 09:45:00+00
1005236	257.12	269.98	4	2019-12-31 09:45:00+00
4803977	107.80	113.19	4	2019-12-31 09:45:00+00
1005105	1415.48	1486.25	4	2019-12-31 09:45:00+00
1005003	258.18	271.09	4	2019-12-31 09:45:00+00
1801690	368.04	386.44	4	2019-12-31 09:45:00+00
100019997	308.89	324.33	4	2019-12-31 09:45:00+00