ts	user_id	base_pid	items	intended_version	effective_version	rec_source	fallback_reason	arm
2019-10-26 15:52:46+00	562285807	1005217	1004856,1004767,1005115,1004870,1004838	1.0.0	1.0.0	fallback	no_scores	none
2019-10-26 15:59:46+00	512812807	1004723	1004856,1004767,1005115,1004870,1004838	1.0.0	1.0.0	fallback	no_scores	none
2019-10-26 15:53:52+00	558158207	12703336	1004856,1004767,1005115,1004870,1004838	1.0.0	1.0.0	fallback	no_scores	none
2019-10-26 15:46:01+00	564423607	23000156	1004856,1004767,1005115,1004870,1004838	1.0.0	1.0.0	fallback	no_scores	none
2019-10-26 15:45:30+00	513824007	1004781	1004870,1004785	1.0.0	1.0.0	affinity	\N	none
2019-10-26 14:38:03+00	539536807	1005160	11400268	1.0.0	1.0.0	affinity	\N	none
2019-10-26 14:57:19+00	552662007	1004210	3300488	1.0.0	1.0.0	affinity	\N	none
2019-10-26 14:54:54+00	517825007	17200773	1004856,1004767,1005115,1004870,1004249	1.0.0	1.0.0	fallback	no_scores	none
2019-10-26 15:39:35+00	515812207	15100403	1004856,1004767,1005115,1004870,1004838	1.0.0	1.0.0	fallback	no_scores	none
2019-10-26 15:02:36+00	554880407	1004850	1004856,1004767,1005115,1004870,1004249	1.0.0	1.0.0	fallback	no_scores	none
2019-10-26 16:58:52+00	546366207	37900087	1004856,1004767,1005115,1004870,1004838	1.0.0	1.0.0	fallback	no_scores	none
2019-10-26 15:43:51+00	564423007	17600882	1004856,1004767,1005115,1004870,1004838	1.0.0	1.0.0	fallback	no_scores	none
2019-10-26 15:56:49+00	561086007	1004277	1004856,1004767,1005115,1004870,1004838	1.0.0	1.0.0	fallback	no_scores	none
2019-10-26 15:57:36+00	515880807	22700129	1004856,1004767,1005115,1004870,1004838	1.0.0	1.0.0	fallback	no_scores	none
2019-10-26 17:01:34+00	564444607	11500438	1004856,1004767,1005115,1004870,1004838	1.0.0	1.0.0	fallback	no_scores	none
2019-10-26 15:22:39+00	564416807	9900454	1004856,1004767,1005115,1004870,1004249	1.0.0	1.0.0	fallback	no_scores	none
2019-10-26 17:00:05+00	516462007	1002547	1004856,1004767,1005115,1004870,1004838	1.0.0	1.0.0	fallback	no_scores	none
2019-10-26 15:45:19+00	544229607	46800030	1004856,1004767,1005115,1004870,1004838	1.0.0	1.0.0	fallback	no_scores	none
2019-10-26 16:30:45+00	529230007	28716931	1004856,1004767,1005115,1004870,1004838	1.0.0	1.0.0	fallback	no_scores	none
2019-10-26 16:28:20+00	513237407	14500020	1004856,1004767,1005115,1004870,1004838	1.0.0	1.0.0	fallback	no_scores	none
2019-10-26 16:00:25+00	564061407	26402810	1004856,1004767,1005115,1004870,1004838	1.0.0	1.0.0	fallback	no_scores	none
2019-10-26 16:02:17+00	548778807	1307005	1004856,1004767,1005115,1004870,1004838	1.0.0	1.0.0	fallback	no_scores	none
2019-10-26 17:21:42+00	564448407	1005160	11400268	1.0.0	1.0.0	affinity	\N	none
2019-10-26 16:21:07+00	558850807	3500244	1004856,1004767,1005115,1004870,1004838	1.0.0	1.0.0	fallback	no_scores	none
2019-10-26 14:44:47+00	563982007	1801690	1801689,1801904	1.0.0	1.0.0	affinity	\N	none
2019-10-26 14:42:57+00	521724207	16200287	1004856,1004767,1005115,1004870,1004249	1.0.0	1.0.0	fallback	no_scores	none
2019-10-26 14:35:14+00	538038207	26601617	1004856,1004767,1005115,1004870,1004249	1.0.0	1.0.0	fallback	no_scores	none
2019-10-26 17:28:38+00	514618007	5701166	1004856,1004767,1005115,1004870,1004838	1.0.0	1.0.0	fallback	no_scores	none
2019-10-26 14:38:33+00	544181607	1004820	1004856,1004767,1005115,1004870,1004249	1.0.0	1.0.0	fallback	no_scores	none
2019-10-26 17:29:38+00	525725807	3100189	1004856,1004767,1005115,1004870,1004838	1.0.0	1.0.0	fallback	no_scores	none
2019-10-26 17:24:24+00	564449207	15500057	1004856,1004767,1005115,1004870,1004838	1.0.0	1.0.0	fallback	no_scores	none
2019-10-26 14:50:34+00	524712407	8200231	1004856,1004767,1005115,1004870,1004249	1.0.0	1.0.0	fallback	no_scores	none
2019-10-26 14:56:47+00	536236807	3701005	1004856,1004767,1005115,1004870,1004249	1.0.0	1.0.0	fallback	no_scores	none
2019-10-26 14:53:35+00	513193007	28400759	1004856,1004767,1005115,1004870,1004249	1.0.0	1.0.0	fallback	no_scores	none
2019-10-26 14:53:35+00	563982007	1307076	1004856,1004767,1005115,1004870,1004249	1.0.0	1.0.0	fallback	no_scores	none
2019-10-26 14:51:31+00	514720207	10900305	1004856,1004767,1005115,1004870,1004249	1.0.0	1.0.0	fallback	no_scores	none
2019-10-26 15:23:49+00	564416407	1004258	1004246,1003305,1003304,1004256,1003306	1.0.0	1.0.0	affinity	\N	none
2019-10-26 15:05:35+00	515812207	15100133	1004856,1004767,1005115,1004870,1004249	1.0.0	1.0.0	fallback	no_scores	none
2019-10-26 17:20:42+00	560766407	1004856	1004767,15300061,1004870,1004788,1004903	1.0.0	1.0.0	affinity	\N	none
2019-10-26 17:40:58+00	522235007	48400005	1004856,1004767,1005115,1004870,1004838	1.0.0	1.0.0	fallback	no_scores	none