day	sessions	users_active	created_at
2019-11-09	204	172	2019-11-09 11:20:00+00
2019-11-10	192	180	2019-11-10 11:20:00+00
2019-11-11	218	188	2019-11-11 11:20:00+00
2019-11-12	220	199	2019-11-12 11:20:00+00
2019-11-13	199	176	2019-11-13 11:20:00+00
2019-11-14	211	191	2019-11-14 11:20:00+00
2019-11-15	932	688	2019-11-15 11:20:00+00
2019-11-16	1004	763	2019-11-16 11:20:00+00
2019-11-17	1000	768	2019-11-17 11:20:00+00
2019-11-18	589	485	2019-11-18 11:20:00+00
2019-11-19	181	162	2019-11-19 11:20:00+00
2019-11-20	169	148	2019-11-20 11:20:00+00
2019-11-21	203	176	2019-11-21 11:20:00+00
2019-11-22	182	150	2019-11-22 11:20:00+00
2019-11-23	183	156	2019-11-23 11:20:00+00
2019-11-24	182	163	2019-11-24 11:20:00+00
2019-11-25	175	158	2019-11-25 11:20:00+00
2019-11-26	187	162	2019-11-26 11:20:00+00
2019-11-27	153	135	2019-11-27 11:20:00+00
2019-11-28	176	162	2019-11-28 11:20:00+00
2019-11-29	246	216	2019-11-29 11:20:00+00
2019-11-30	248	204	2019-11-30 11:20:00+00
2019-12-01	207	176	2019-12-01 11:20:00+00
2019-12-02	202	180	2019-12-02 11:20:00+00
2019-12-03	184	158	2019-12-03 11:20:00+00
2019-12-04	164	143	2019-12-04 11:20:00+00
2019-12-05	191	167	2019-12-05 11:20:00+00
2019-12-06	193	161	2019-12-06 11:20:00+00
2019-12-07	240	206	2019-12-07 11:20:00+00
2019-12-08	211	189	2019-12-08 11:20:00+00
2019-12-09	260	230	2019-12-09 11:20:00+00
2019-12-10	223	193	2019-12-10 11:20:00+00
2019-12-11	223	189	2019-12-11 11:20:00+00
2019-12-12	260	221	2019-12-12 11:20:00+00
2019-12-13	232	205	2019-12-13 11:20:00+00
2019-12-14	227	192	2019-12-14 11:20:00+00
2019-12-15	230	208	2019-12-15 11:20:00+00
2019-12-16	416	367	2019-12-16 11:20:00+00
2019-12-17	393	357	2019-12-17 11:20:00+00
2019-12-18	380	330	2019-12-18 11:20:00+00