product_id	velocity	hint_units	created_at
1004767	2.7143	51	2019-12-31 11:50:00+00
1004856	1.6429	62	2019-12-31 11:50:00+00
1002544	1.3571	67	2019-12-31 11:50:00+00
1005100	1.1429	70	2019-12-31 11:50:00+00
1005115	1.0000	73	2019-12-31 11:50:00+00
4804056	1.0000	73	2019-12-31 11:50:00+00
1005212	0.7857	78	2019-12-31 11:50:00+00
4804718	0.7143	80	2019-12-31 11:50:00+00
5100816	0.6429	82	2019-12-31 11:50:00+00
1005116	0.6429	82	2019-12-31 11:50:00+00
1004870	0.6429	82	2019-12-31 11:50:00+00
1005177	0.5714	84	2019-12-31 11:50:00+00
4804055	0.5714	84	2019-12-31 11:50:00+00
4100346	0.5714	84	2019-12-31 11:50:00+00
1002524	0.5714	84	2019-12-31 11:50:00+00
1004838	0.5714	84	2019-12-31 11:50:00+00
1004903	0.5714	84	2019-12-31 11:50:00+00
1005098	0.5000	86	2019-12-31 11:50:00+00
1004249	0.5000	86	2019-12-31 11:50:00+00
1004785	0.5000	86	2019-12-31 11:50:00+00
1004873	0.5000	86	2019-12-31 11:50:00+00
1004768	0.5000	86	2019-12-31 11:50:00+00
1005169	0.4286	88	2019-12-31 11:50:00+00
1004857	0.4286	88	2019-12-31 11:50:00+00
1005159	0.4286	88	2019-12-31 11:50:00+00
1005160	0.4286	88	2019-12-31 11:50:00+00
1004874	0.3571	90	2019-12-31 11:50:00+00
1005135	0.3571	90	2019-12-31 11:50:00+00
1005203	0.3571	90	2019-12-31 11:50:00+00
1005174	0.3571	90	2019-12-31 11:50:00+00
1004565	0.3571	90	2019-12-31 11:50:00+00
1004708	0.3571	90	2019-12-31 11:50:00+00
1005236	0.3571	90	2019-12-31 11:50:00+00
3700926	0.3571	90	2019-12-31 11:50:00+00
1005105	0.3571	90	2019-12-31 11:50:00+00
4803977	0.2857	93	2019-12-31 11:50:00+00
1200947	0.2857	93	2019-12-31 11:50:00+00
1005003	0.2857	93	2019-12-31 11:50:00+00
100019997	0.2857	93	2019-12-31 11:50:00+00
1801690	0.2857	93	2019-12-31 11:50:00+00