code	display_group	valid_from
computers.peripherals.printer	other	2019-10-01
auto.accessories.alarm	other	2019-10-01
construction.tools.drill	construction	2019-10-01
furniture.living_room.cabinet	other	2019-10-01
appliances.kitchen.coffee_machine	appliances	2019-10-01
accessories.wallet	other	2019-10-02
furniture.bathroom.bath	other	2019-10-01
apparel.jacket	apparel	2019-10-11
kids.fmcg.diapers	kids	2019-10-01
appliances.kitchen.grill	appliances	2019-10-01
appliances.kitchen.coffee_grinder	appliances	2019-10-01
furniture.kitchen.table	other	2019-10-01
kids.dolls	kids	2019-10-01
sport.snowboard	other	2019-10-01
computers.peripherals.keyboard	other	2019-10-01
auto.accessories.anti_freeze	other	2019-10-31
furniture.bedroom.blanket	other	2019-10-01
computers.components.videocards	other	2019-10-01
appliances.kitchen.microwave	appliances	2019-10-01
computers.peripherals.mouse	other	2019-10-01
apparel.shirt	apparel	2019-10-01
computers.components.hdd	other	2019-10-01
apparel.jumper	apparel	2019-10-18
accessories.umbrella	other	2019-10-02
construction.tools.saw	construction	2019-10-01
stationery.cartrige	other	2019-10-11
furniture.kitchen.chair	other	2019-10-01
electronics.audio.acoustic	electronics	2019-10-01
electronics.smartphone	electronics	2019-10-01
apparel.sock	apparel	2019-10-04
appliances.kitchen.dishwasher	appliances	2019-10-01
computers.components.cooler	other	2019-10-01
construction.tools.pump	construction	2019-10-01
auto.accessories.videoregister	other	2019-10-01
appliances.kitchen.toster	appliances	2019-10-02
sport.ski	other	2019-10-09
apparel.shoes	apparel	2019-10-01
apparel.shoes.ballet_shoes	apparel	2019-10-02
medicine.tools.tonometer	other	2019-10-03
computers.desktop	other	2019-10-01