day	active_customers	created_at
2019-11-17	2093	2019-11-17 11:15:00+00
2019-11-18	2250	2019-11-18 11:15:00+00
2019-11-19	2256	2019-11-19 11:15:00+00
2019-11-20	2251	2019-11-20 11:15:00+00
2019-11-21	2247	2019-11-21 11:15:00+00
2019-11-22	2224	2019-11-22 11:15:00+00
2019-11-23	2198	2019-11-23 11:15:00+00
2019-11-24	2167	2019-11-24 11:15:00+00
2019-11-25	2126	2019-11-25 11:15:00+00
2019-11-26	2089	2019-11-26 11:15:00+00
2019-11-27	2057	2019-11-27 11:15:00+00
2019-11-28	2041	2019-11-28 11:15:00+00
2019-11-29	2012	2019-11-29 11:15:00+00
2019-11-30	1995	2019-11-30 11:15:00+00
2019-12-01	1971	2019-12-01 11:15:00+00
2019-12-02	1947	2019-12-02 11:15:00+00
2019-12-03	1929	2019-12-03 11:15:00+00
2019-12-04	1881	2019-12-04 11:15:00+00
2019-12-05	1839	2019-12-05 11:15:00+00
2019-12-06	1803	2019-12-06 11:15:00+00
2019-12-07	1766	2019-12-07 11:15:00+00
2019-12-08	1720	2019-12-08 11:15:00+00
2019-12-09	1685	2019-12-09 11:15:00+00
2019-12-10	1655	2019-12-10 11:15:00+00
2019-12-11	1627	2019-12-11 11:15:00+00
2019-12-12	1608	2019-12-12 11:15:00+00
2019-12-13	1591	2019-12-13 11:15:00+00
2019-12-14	1568	2019-12-14 11:15:00+00
2019-12-15	1595	2019-12-15 11:15:00+00
2019-12-16	1560	2019-12-16 11:15:00+00
2019-12-17	1259	2019-12-17 11:15:00+00
2019-12-18	1031	2019-12-18 11:15:00+00
2019-12-19	1011	2019-12-19 11:15:00+00
2019-12-20	1005	2019-12-20 11:15:00+00
2019-12-21	987	2019-12-21 11:15:00+00
2019-12-22	974	2019-12-22 11:15:00+00
2019-12-23	983	2019-12-23 11:15:00+00
2019-12-24	1007	2019-12-24 11:15:00+00
2019-12-25	1016	2019-12-25 11:15:00+00
2019-12-26	1033	2019-12-26 11:15:00+00