version	trained_at	coef_json	train_rows
4.0.0	2019-12-15 09:15:00+00	{"coef": [[-0.8056665857606965, -1.3609012904497668, 0.23280451893360984, 1.591192648040268, -1.4437998960734106]], "intercept": [-0.20513915359316315]}	4197
4.0.0	2019-12-16 09:15:00+00	{"coef": [[-0.7000672556258972, -1.2127728864834786, 0.23151655845930122, 0.8497494720150799, -1.6303323645321854]], "intercept": [-0.1721199070205735]}	4809
4.0.0	2019-12-17 09:15:00+00	{"coef": [[-0.6650212758192581, -0.5253698958988547, 0.22655806892814645, 0.572116240352665, -1.9141705157895017]], "intercept": [-0.16744037490561772]}	5472
4.0.0	2019-12-18 09:15:00+00	{"coef": [[-0.6057573918121589, 0.156409798185967, 0.2906656781970423, -0.022040347468654884, -2.028232681062149]], "intercept": [-0.13918162931354813]}	5798
4.0.0	2019-12-19 09:15:00+00	{"coef": [[-0.6001737461725154, -0.11292266026570821, 0.1686645308784361, 0.6173298285878168, -2.350804487002865]], "intercept": [-0.1407782379231537]}	5798
4.0.0	2019-12-20 09:15:00+00	{"coef": [[-0.5999298581347906, 0.12664492772460584, -0.031610546857249316, 1.0438549824330488, -1.9588632660277268]], "intercept": [-0.1320879956497547]}	6442
4.0.0	2019-12-21 09:15:00+00	{"coef": [[-0.6143379320175119, 0.18765342229188395, 0.05130157911245111, 1.0353125084632866, -2.033505576177369]], "intercept": [-0.13393846570525744]}	7039
4.0.0	2019-12-22 09:15:00+00	{"coef": [[-0.630648100810768, 0.19855717672861012, 0.07443179393682518, 0.9923467843143329, -1.9928700966958643]], "intercept": [-0.13860236401779377]}	7888
4.0.0	2019-12-23 09:15:00+00	{"coef": [[-0.6480779792981967, 0.15086391433592405, 0.08801969996168242, 1.211381082030159, -2.11372371952276]], "intercept": [-0.14101505282689697]}	8412
4.0.0	2019-12-24 09:15:00+00	{"coef": [[-0.6247825930315066, 0.39159976729863355, 0.07448095755621696, 0.9450237006023472, -2.1752972534495667]], "intercept": [-0.13520103481896117]}	9062
4.0.0	2019-12-25 09:15:00+00	{"coef": [[-0.5946416000736139, 0.29361319335950314, 0.037165993279592635, 0.7898406951112975, -2.2540904252117357]], "intercept": [-0.12790874078581357]}	9782
4.0.0	2019-12-26 09:15:00+00	{"coef": [[-0.5644977585364739, 0.36260867125584867, 0.10253568223645465, 0.4921684975976486, -1.2679039200471027]], "intercept": [-0.11847076964554423]}	10429
4.0.0	2019-12-27 09:15:00+00	{"coef": [[-0.5631179656813987, 0.3602487100879908, 0.15635636724876342, 0.4064358594560488, -1.3158865275085445]], "intercept": [-0.11718237822836164]}	11046
4.0.0	2019-12-28 09:15:00+00	{"coef": [[-0.5090584500300359, 0.22273675943191845, 0.11308036909422704, 0.16434585853028577, -0.9643766766115853]], "intercept": [-0.10567689070247194]}	11552
4.0.0	2019-12-29 09:15:00+00	{"coef": [[-0.5385936509515294, 0.270944988237976, 0.16443372002047735, 0.2303089800903373, -0.9591062750357147]], "intercept": [-0.1119921163939949]}	12743
4.0.0	2019-12-30 09:15:00+00	{"coef": [[-0.5936808111023754, 0.24980565980685515, 0.11627525558836761, 0.8061488882097464, 0.04495755673207002]], "intercept": [-0.12044938813686838]}	13469
4.0.0	2019-12-31 09:15:00+00	{"coef": [[-0.24483754375789174, -0.5341073201373135, -0.145569017237849, -0.7516697374506842, -0.15595732297070566]], "intercept": [-0.04980795444692707]}	14411