product_id	title	category	brand	vendor	units	revenue	first_order_at	last_order_at	suspected_cause	captured_at
1002266	Unbranded Smartphone #2266	electronics.smartphone		acme-supplies	0	0.00	\N	\N	first inserted with blank brand; later catalog events could not repair because insert path used ON CONFLICT DO NOTHING and known-id cache skipped reprocessing	2026-08-13 19:51:33.614117+00
1002497	Unbranded Smartphone #2497	electronics.smartphone		umbrella-retail	0	0.00	\N	\N	first inserted with blank brand; later catalog events could not repair because insert path used ON CONFLICT DO NOTHING and known-id cache skipped reprocessing	2026-08-13 19:51:33.614117+00
1002876	Unbranded Smartphone #2876	electronics.smartphone		globex-trading	0	0.00	\N	\N	first inserted with blank brand; later catalog events could not repair because insert path used ON CONFLICT DO NOTHING and known-id cache skipped reprocessing	2026-08-13 19:51:33.614117+00
1002923	Unbranded Smartphone #2923	electronics.smartphone		acme-supplies	0	0.00	\N	\N	first inserted with blank brand; later catalog events could not repair because insert path used ON CONFLICT DO NOTHING and known-id cache skipped reprocessing	2026-08-13 19:51:33.614117+00
1003435	Unbranded Smartphone #3435	electronics.smartphone		globex-trading	0	0.00	\N	\N	first inserted with blank brand; later catalog events could not repair because insert path used ON CONFLICT DO NOTHING and known-id cache skipped reprocessing	2026-08-13 19:51:33.614117+00
1003456	Unbranded Smartphone #3456	electronics.smartphone		globex-trading	0	0.00	\N	\N	first inserted with blank brand; later catalog events could not repair because insert path used ON CONFLICT DO NOTHING and known-id cache skipped reprocessing	2026-08-13 19:51:33.614117+00
1004311	Unbranded Smartphone #4311	electronics.smartphone		globex-trading	0	0.00	\N	\N	first inserted with blank brand; later catalog events could not repair because insert path used ON CONFLICT DO NOTHING and known-id cache skipped reprocessing	2026-08-13 19:51:33.614117+00
1004786	Unbranded Smartphone #4786	electronics.smartphone		initech-goods	0	0.00	\N	\N	first inserted with blank brand; later catalog events could not repair because insert path used ON CONFLICT DO NOTHING and known-id cache skipped reprocessing	2026-08-13 19:51:33.614117+00
1005061	Unbranded Smartphone #5061	electronics.smartphone		pied-piper-co	0	0.00	\N	\N	first inserted with blank brand; later catalog events could not repair because insert path used ON CONFLICT DO NOTHING and known-id cache skipped reprocessing	2026-08-13 19:51:33.614117+00
1005173	Unbranded Smartphone #5173	electronics.smartphone		wayne-wholesale	0	0.00	\N	\N	first inserted with blank brand; later catalog events could not repair because insert path used ON CONFLICT DO NOTHING and known-id cache skipped reprocessing	2026-08-13 19:51:33.614117+00
1005174	Unbranded Smartphone #5174	electronics.smartphone		globex-trading	3	1929.69	2019-10-07 02:56:32+00	2019-10-12 06:36:01+00	first inserted with blank brand; later catalog events could not repair because insert path used ON CONFLICT DO NOTHING and known-id cache skipped reprocessing	2026-08-13 19:51:33.614117+00
1005175	Unbranded Smartphone #5175	electronics.smartphone		pied-piper-co	1	643.23	2019-10-10 07:35:16+00	2019-10-10 07:35:16+00	first inserted with blank brand; later catalog events could not repair because insert path used ON CONFLICT DO NOTHING and known-id cache skipped reprocessing	2026-08-13 19:51:33.614117+00
1005176	Unbranded Smartphone #5176	electronics.smartphone		globex-trading	0	0.00	\N	\N	first inserted with blank brand; later catalog events could not repair because insert path used ON CONFLICT DO NOTHING and known-id cache skipped reprocessing	2026-08-13 19:51:33.614117+00
1005177	Unbranded Smartphone #5177	electronics.smartphone		hooli-direct	0	0.00	\N	\N	first inserted with blank brand; later catalog events could not repair because insert path used ON CONFLICT DO NOTHING and known-id cache skipped reprocessing	2026-08-13 19:51:33.614117+00
1005179	Unbranded Smartphone #5179	electronics.smartphone		acme-supplies	0	0.00	\N	\N	first inserted with blank brand; later catalog events could not repair because insert path used ON CONFLICT DO NOTHING and known-id cache skipped reprocessing	2026-08-13 19:51:33.614117+00
1005181	Unbranded Smartphone #5181	electronics.smartphone		acme-supplies	0	0.00	\N	\N	first inserted with blank brand; later catalog events could not repair because insert path used ON CONFLICT DO NOTHING and known-id cache skipped reprocessing	2026-08-13 19:51:33.614117+00
1005182	Unbranded Smartphone #5182	electronics.smartphone		hooli-direct	0	0.00	\N	\N	first inserted with blank brand; later catalog events could not repair because insert path used ON CONFLICT DO NOTHING and known-id cache skipped reprocessing	2026-08-13 19:51:33.614117+00
1005184	Unbranded Smartphone #5184	electronics.smartphone		pied-piper-co	1	1029.34	2019-10-12 08:07:34+00	2019-10-12 08:07:34+00	first inserted with blank brand; later catalog events could not repair because insert path used ON CONFLICT DO NOTHING and known-id cache skipped reprocessing	2026-08-13 19:51:33.614117+00
1005185	Unbranded Smartphone #5185	electronics.smartphone		globex-trading	0	0.00	\N	\N	first inserted with blank brand; later catalog events could not repair because insert path used ON CONFLICT DO NOTHING and known-id cache skipped reprocessing	2026-08-13 19:51:33.614117+00
1005187	Unbranded Smartphone #5187	electronics.smartphone		umbrella-retail	1	771.94	2019-10-16 18:48:55+00	2019-10-16 18:48:55+00	first inserted with blank brand; later catalog events could not repair because insert path used ON CONFLICT DO NOTHING and known-id cache skipped reprocessing	2026-08-13 19:51:33.614117+00
1005197	Unbranded Smartphone #5197	electronics.smartphone		acme-supplies	0	0.00	\N	\N	first inserted with blank brand; later catalog events could not repair because insert path used ON CONFLICT DO NOTHING and known-id cache skipped reprocessing	2026-08-13 19:51:33.614117+00
1005201	Unbranded Smartphone #5201	electronics.smartphone		initech-goods	1	643.23	2019-10-11 09:09:01+00	2019-10-11 09:09:01+00	first inserted with blank brand; later catalog events could not repair because insert path used ON CONFLICT DO NOTHING and known-id cache skipped reprocessing	2026-08-13 19:51:33.614117+00
1005204	Unbranded Smartphone #5204	electronics.smartphone		acme-supplies	0	0.00	\N	\N	first inserted with blank brand; later catalog events could not repair because insert path used ON CONFLICT DO NOTHING and known-id cache skipped reprocessing	2026-08-13 19:51:33.614117+00
1005209	Unbranded Smartphone #5209	electronics.smartphone		wayne-wholesale	1	424.70	2019-10-12 08:56:36+00	2019-10-12 08:56:36+00	first inserted with blank brand; later catalog events could not repair because insert path used ON CONFLICT DO NOTHING and known-id cache skipped reprocessing	2026-08-13 19:51:33.614117+00
1005221	Unbranded Smartphone #5221	electronics.smartphone		initech-goods	1	313.78	2019-10-20 03:06:52+00	2019-10-20 03:06:52+00	first inserted with blank brand; later catalog events could not repair because insert path used ON CONFLICT DO NOTHING and known-id cache skipped reprocessing	2026-08-13 19:51:33.614117+00
1005226	Unbranded Smartphone #5226	electronics.smartphone		stark-imports	0	0.00	\N	\N	first inserted with blank brand; later catalog events could not repair because insert path used ON CONFLICT DO NOTHING and known-id cache skipped reprocessing	2026-08-13 19:51:33.614117+00
1005229	Unbranded Smartphone #5229	electronics.smartphone		acme-supplies	1	283.12	2019-10-21 05:07:08+00	2019-10-21 05:07:08+00	first inserted with blank brand; later catalog events could not repair because insert path used ON CONFLICT DO NOTHING and known-id cache skipped reprocessing	2026-08-13 19:51:33.614117+00
1005237	Unbranded Smartphone #5237	electronics.smartphone		hooli-direct	0	0.00	\N	\N	first inserted with blank brand; later catalog events could not repair because insert path used ON CONFLICT DO NOTHING and known-id cache skipped reprocessing	2026-08-13 19:51:33.614117+00
1005238	Unbranded Smartphone #5238	electronics.smartphone		acme-supplies	1	308.61	2019-10-18 08:36:10+00	2019-10-18 08:36:10+00	first inserted with blank brand; later catalog events could not repair because insert path used ON CONFLICT DO NOTHING and known-id cache skipped reprocessing	2026-08-13 19:51:33.614117+00
1201393	Unbranded Tablet #1393	electronics.tablet		hooli-direct	0	0.00	\N	\N	first inserted with blank brand; later catalog events could not repair because insert path used ON CONFLICT DO NOTHING and known-id cache skipped reprocessing	2026-08-13 19:51:33.614117+00
1201423	Unbranded Tablet #1423	electronics.tablet		wayne-wholesale	0	0.00	\N	\N	first inserted with blank brand; later catalog events could not repair because insert path used ON CONFLICT DO NOTHING and known-id cache skipped reprocessing	2026-08-13 19:51:33.614117+00
1307081	Unbranded Notebook #7081	computers.notebook		globex-trading	0	0.00	\N	\N	first inserted with blank brand; later catalog events could not repair because insert path used ON CONFLICT DO NOTHING and known-id cache skipped reprocessing	2026-08-13 19:51:33.614117+00
1307084	Unbranded Notebook #7084	computers.notebook		hooli-direct	0	0.00	\N	\N	first inserted with blank brand; later catalog events could not repair because insert path used ON CONFLICT DO NOTHING and known-id cache skipped reprocessing	2026-08-13 19:51:33.614117+00
1307086	Unbranded Notebook #7086	computers.notebook		globex-trading	0	0.00	\N	\N	first inserted with blank brand; later catalog events could not repair because insert path used ON CONFLICT DO NOTHING and known-id cache skipped reprocessing	2026-08-13 19:51:33.614117+00
1307142	Unbranded Notebook #7142	computers.notebook		globex-trading	0	0.00	\N	\N	first inserted with blank brand; later catalog events could not repair because insert path used ON CONFLICT DO NOTHING and known-id cache skipped reprocessing	2026-08-13 19:51:33.614117+00
1307373	Unbranded Notebook #7373	computers.notebook		initech-goods	0	0.00	\N	\N	first inserted with blank brand; later catalog events could not repair because insert path used ON CONFLICT DO NOTHING and known-id cache skipped reprocessing	2026-08-13 19:51:33.614117+00
1307374	Unbranded Notebook #7374	computers.notebook		initech-goods	0	0.00	\N	\N	first inserted with blank brand; later catalog events could not repair because insert path used ON CONFLICT DO NOTHING and known-id cache skipped reprocessing	2026-08-13 19:51:33.614117+00
1307455	Unbranded Notebook #7455	computers.notebook		wayne-wholesale	0	0.00	\N	\N	first inserted with blank brand; later catalog events could not repair because insert path used ON CONFLICT DO NOTHING and known-id cache skipped reprocessing	2026-08-13 19:51:33.614117+00
1307480	Unbranded Notebook #7480	computers.notebook		pied-piper-co	0	0.00	\N	\N	first inserted with blank brand; later catalog events could not repair because insert path used ON CONFLICT DO NOTHING and known-id cache skipped reprocessing	2026-08-13 19:51:33.614117+00
1307492	Unbranded Notebook #7492	computers.notebook		acme-supplies	0	0.00	\N	\N	first inserted with blank brand; later catalog events could not repair because insert path used ON CONFLICT DO NOTHING and known-id cache skipped reprocessing	2026-08-13 19:51:33.614117+00