base_pid	rec_pid	score	pairs_seen	model_version	updated_at
1002101	1307187	-1.0000	1	2.0.1	2019-12-31 08:45:00+00
1002101	100052232	-1.0000	1	2.0.1	2019-12-31 08:45:00+00
1002524	1002532	-1.0000	1	2.0.1	2019-12-31 08:45:00+00
1002524	1002535	2.8473	4	2.0.1	2019-12-31 08:45:00+00
1002524	1002544	11.9045	3	2.0.1	2019-12-31 08:45:00+00
1002524	1002547	-1.0000	1	2.0.1	2019-12-31 08:45:00+00
1002524	1003306	-1.0000	1	2.0.1	2019-12-31 08:45:00+00
1002524	1003312	-1.0000	1	2.0.1	2019-12-31 08:45:00+00
1002524	1003801	-1.0000	1	2.0.1	2019-12-31 08:45:00+00
1002524	1004249	7.2168	6	2.0.1	2019-12-31 08:45:00+00
1002524	1004565	-1.0000	1	2.0.1	2019-12-31 08:45:00+00
1002524	1004767	-1.0000	1	2.0.1	2019-12-31 08:45:00+00
1002524	1005115	-1.0000	1	2.0.1	2019-12-31 08:45:00+00
1002524	1005159	-1.0000	2	2.0.1	2019-12-31 08:45:00+00
1002524	1005160	-1.0000	2	2.0.1	2019-12-31 08:45:00+00
1002524	1005217	-1.0000	1	2.0.1	2019-12-31 08:45:00+00
1002524	4804718	-1.0000	2	2.0.1	2019-12-31 08:45:00+00
1002524	5100562	-1.0000	1	2.0.1	2019-12-31 08:45:00+00
1002524	10600079	-1.0000	2	2.0.1	2019-12-31 08:45:00+00
1002524	17300837	-1.0000	1	2.0.1	2019-12-31 08:45:00+00
1002527	1003066	-1.0000	1	2.0.1	2019-12-31 08:45:00+00
1002532	1002524	-1.0000	1	2.0.1	2019-12-31 08:45:00+00
1002532	1005105	-1.0000	1	2.0.1	2019-12-31 08:45:00+00
1002532	1005132	-1.0000	1	2.0.1	2019-12-31 08:45:00+00
1002532	1201567	2.3642	4	2.0.1	2019-12-31 08:45:00+00
1002532	4804055	-1.0000	2	2.0.1	2019-12-31 08:45:00+00
1002535	1002524	11.3900	4	2.0.1	2019-12-31 08:45:00+00
1002535	1002544	-1.0000	1	2.0.1	2019-12-31 08:45:00+00
1002538	1004250	-1.0000	1	2.0.1	2019-12-31 08:45:00+00
1002540	1002542	3.5868	6	2.0.1	2019-12-31 08:45:00+00
1002540	1002544	16.8102	7	2.0.1	2019-12-31 08:45:00+00
1002540	1002547	55.3295	22	2.0.1	2019-12-31 08:45:00+00
1002540	1005174	2.2145	4	2.0.1	2019-12-31 08:45:00+00
1002540	26400756	-1.0000	1	2.0.1	2019-12-31 08:45:00+00
1002542	1002540	14.3483	6	2.0.1	2019-12-31 08:45:00+00
1002542	1002544	1.1180	3	2.0.1	2019-12-31 08:45:00+00
1002542	1002547	-1.0000	2	2.0.1	2019-12-31 08:45:00+00
1002542	1004875	17.6143	6	2.0.1	2019-12-31 08:45:00+00
1002544	1002524	2.9758	3	2.0.1	2019-12-31 08:45:00+00
1002544	1002535	-1.0000	1	2.0.1	2019-12-31 08:45:00+00