day	rank	product_id	score	units	created_at
2019-11-03	1	1004856	136.8027	138	2019-11-03 10:15:00+00
2019-11-03	2	1004767	123.6578	125	2019-11-03 10:15:00+00
2019-11-03	3	1005115	81.9058	85	2019-11-03 10:15:00+00
2019-11-03	4	4804056	74.5203	75	2019-11-03 10:15:00+00
2019-11-03	5	1002524	54.6249	58	2019-11-03 10:15:00+00
2019-11-03	6	1004249	51.7208	61	2019-11-03 10:15:00+00
2019-11-03	7	1005105	50.4998	53	2019-11-03 10:15:00+00
2019-11-03	8	1002544	46.7508	49	2019-11-03 10:15:00+00
2019-11-03	9	1004870	43.7231	45	2019-11-03 10:15:00+00
2019-11-03	10	1004838	43.5305	44	2019-11-03 10:15:00+00
2019-11-03	11	5100816	40.7472	42	2019-11-03 10:15:00+00
2019-11-03	12	1004836	39.9120	42	2019-11-03 10:15:00+00
2019-11-03	13	1004833	38.8059	39	2019-11-03 10:15:00+00
2019-11-03	14	1004873	31.7066	33	2019-11-03 10:15:00+00
2019-11-03	15	1003310	26.2252	27	2019-11-03 10:15:00+00
2019-11-03	16	1004237	25.9160	26	2019-11-03 10:15:00+00
2019-11-03	17	1002633	25.7118	26	2019-11-03 10:15:00+00
2019-11-03	18	1004565	22.8085	24	2019-11-03 10:15:00+00
2019-11-03	19	4803977	19.8053	23	2019-11-03 10:15:00+00
2019-11-03	20	1004741	19.2539	20	2019-11-03 10:15:00+00
2019-11-03	21	1005100	19.0758	20	2019-11-03 10:15:00+00
2019-11-03	22	1004781	17.9403	18	2019-11-03 10:15:00+00
2019-11-03	23	1004768	17.1056	18	2019-11-03 10:15:00+00
2019-11-03	24	1003306	17.0953	21	2019-11-03 10:15:00+00
2019-11-03	25	4804055	17.0760	24	2019-11-03 10:15:00+00
2019-11-03	26	1005130	16.9847	17	2019-11-03 10:15:00+00
2019-11-03	27	1002629	16.9640	18	2019-11-03 10:15:00+00
2019-11-03	28	1004858	16.8694	17	2019-11-03 10:15:00+00
2019-11-03	29	1004739	16.1551	17	2019-11-03 10:15:00+00
2019-11-03	30	1005116	15.9393	16	2019-11-03 10:15:00+00
2019-11-03	31	12703015	15.4528	20	2019-11-03 10:15:00+00
2019-11-03	32	1004659	15.4192	16	2019-11-03 10:15:00+00
2019-11-03	33	4804295	14.3601	15	2019-11-03 10:15:00+00
2019-11-03	34	1004766	13.9241	14	2019-11-03 10:15:00+00
2019-11-03	35	1004234	13.7432	32	2019-11-03 10:15:00+00
2019-11-03	36	1003317	12.1560	14	2019-11-03 10:15:00+00
2019-11-03	37	1005008	12.0962	13	2019-11-03 10:15:00+00
2019-11-03	38	1005135	11.5410	12	2019-11-03 10:15:00+00
2019-11-03	39	1004258	11.2774	15	2019-11-03 10:15:00+00
2019-11-03	40	1801690	10.8841	11	2019-11-03 10:15:00+00