product_id	list_price	valid_from
1000978	360.70	2019-11-18 11:00:00+00
1001588	138.72	2019-11-18 11:00:00+00
1002062	116.37	2019-11-18 11:00:00+00
1002098	400.89	2019-11-18 11:00:00+00
1002099	400.64	2019-11-18 11:00:00+00
1002100	400.89	2019-11-18 11:00:00+00
1002101	400.89	2019-11-18 11:00:00+00
1002102	448.35	2019-11-18 11:00:00+00
1002103	448.35	2019-11-18 11:00:00+00
1002225	89.09	2019-11-18 11:00:00+00
1002266	194.89	2019-11-18 11:00:00+00
1002367	222.24	2019-11-18 11:00:00+00
1002396	297.98	2019-11-18 11:00:00+00
1002398	272.98	2019-11-18 11:00:00+00
1002460	71.84	2019-11-18 11:00:00+00
1002482	138.75	2019-11-18 11:00:00+00
1002484	194.23	2019-11-18 11:00:00+00
1002494	331.20	2019-11-18 11:00:00+00
1002497	0.00	2019-11-18 11:00:00+00
1002522	977.32	2019-11-18 11:00:00+00
1002524	556.76	2019-11-18 11:00:00+00
1002525	779.83	2019-11-18 11:00:00+00
1002527	749.30	2019-11-18 11:00:00+00
1002528	640.07	2019-11-18 11:00:00+00
1002531	779.25	2019-11-18 11:00:00+00
1002532	640.07	2019-11-18 11:00:00+00
1002535	935.19	2019-11-18 11:00:00+00
1002536	628.65	2019-11-18 11:00:00+00
1002538	652.75	2019-11-18 11:00:00+00
1002540	553.47	2019-11-18 11:00:00+00
1002541	631.72	2019-11-18 11:00:00+00
1002542	512.24	2019-11-18 11:00:00+00
1002544	501.95	2019-11-18 11:00:00+00
1002545	640.07	2019-11-18 11:00:00+00
1002546	1095.28	2019-11-18 11:00:00+00
1002547	500.83	2019-11-18 11:00:00+00
1002548	626.98	2019-11-18 11:00:00+00
1002549	609.14	2019-11-18 11:00:00+00
1002550	384.14	2019-11-18 11:00:00+00
1002628	462.13	2019-11-18 11:00:00+00