base_pid	rec_pid	score	updated_at
1002524	1002535	2.7776	2019-12-31 09:15:00+00
1002524	1002544	11.6130	2019-12-31 09:15:00+00
1002524	1004249	7.0401	2019-12-31 09:15:00+00
1002532	1201567	2.3063	2019-12-31 09:15:00+00
1002535	1002524	11.1111	2019-12-31 09:15:00+00
1002540	1002542	3.4990	2019-12-31 09:15:00+00
1002540	1002544	16.3986	2019-12-31 09:15:00+00
1002540	1002547	53.9748	2019-12-31 09:15:00+00
1002540	1005174	2.1603	2019-12-31 09:15:00+00
1002542	1002540	13.9970	2019-12-31 09:15:00+00
1002542	1002544	1.0906	2019-12-31 09:15:00+00
1002542	1004875	17.1830	2019-12-31 09:15:00+00
1002544	1002524	2.9029	2019-12-31 09:15:00+00
1002544	1002540	16.3974	2019-12-31 09:15:00+00
1002544	1002542	1.0905	2019-12-31 09:15:00+00
1002544	1002547	50.4987	2019-12-31 09:15:00+00
1002544	1003306	10.2784	2019-12-31 09:15:00+00
1002544	1004873	4.9937	2019-12-31 09:15:00+00
1002544	1004957	7.4282	2019-12-31 09:15:00+00
1002544	1005100	4.2683	2019-12-31 09:15:00+00
1002544	1005105	16.8343	2019-12-31 09:15:00+00
1002544	9300034	0.8738	2019-12-31 09:15:00+00
1002544	11600114	2.6214	2019-12-31 09:15:00+00
1002545	1003306	10.8403	2019-12-31 09:15:00+00
1002547	1002540	15.6257	2019-12-31 09:15:00+00
1002547	1002544	39.8909	2019-12-31 09:15:00+00
1002547	1005174	9.7225	2019-12-31 09:15:00+00
1002633	1004767	3.1409	2019-12-31 09:15:00+00
1002633	1005100	10.5586	2019-12-31 09:15:00+00
1003048	1003051	2.8367	2019-12-31 09:15:00+00
1003051	1003048	2.8371	2019-12-31 09:15:00+00
1003306	1002544	34.9415	2019-12-31 09:15:00+00
1003306	1002545	2.7102	2019-12-31 09:15:00+00
1003312	1003800	0.8734	2019-12-31 09:15:00+00
1003712	1004768	10.4393	2019-12-31 09:15:00+00
1003712	1004849	6.5278	2019-12-31 09:15:00+00
1003712	1005073	4.8958	2019-12-31 09:15:00+00
1003712	26404396	0.9934	2019-12-31 09:15:00+00
1003800	1003312	3.4929	2019-12-31 09:15:00+00
1004155	1004756	5.4308	2019-12-31 09:15:00+00