order_id	score	core	new_account	high_velocity	scored_at
7511	0.0620	0.0620	f	f	2019-12-04 10:45:00+00
7522	0.0534	0.0534	f	f	2019-12-04 10:45:00+00
7521	0.1707	0.1707	f	f	2019-12-04 10:45:00+00
7524	0.0191	0.0191	f	f	2019-12-04 10:45:00+00
7528	1.0000	1.0000	t	f	2019-12-04 10:45:00+00
7516	0.0746	0.0746	f	f	2019-12-04 10:45:00+00
7531	0.1365	0.1365	f	f	2019-12-04 10:45:00+00
7525	0.0200	0.0153	t	t	2019-12-04 10:45:00+00
7520	0.0137	0.0137	f	f	2019-12-04 10:45:00+00
7515	0.0734	0.0638	t	f	2019-12-04 10:45:00+00
7513	0.0824	0.0824	f	f	2019-12-04 10:45:00+00
7534	0.3009	0.3009	f	f	2019-12-04 10:45:00+00
7517	0.1201	0.1201	f	f	2019-12-04 10:45:00+00
7518	0.1046	0.0909	t	f	2019-12-04 10:45:00+00
7533	1.0000	1.0000	f	f	2019-12-04 10:45:00+00
7519	0.3009	0.3009	f	f	2019-12-04 10:45:00+00
7526	0.0891	0.0775	t	f	2019-12-04 10:45:00+00
7523	0.1752	0.1524	t	f	2019-12-04 10:45:00+00
7527	1.0000	1.0000	f	f	2019-12-04 10:45:00+00
7530	0.3009	0.3009	f	f	2019-12-04 10:45:00+00
7532	1.0000	1.0000	f	f	2019-12-04 10:45:00+00
7535	1.0000	1.0000	f	f	2019-12-04 10:45:00+00
7536	1.0000	1.0000	f	f	2019-12-04 10:45:00+00
7537	1.0000	1.0000	f	f	2019-12-04 10:45:00+00
7539	1.0000	1.0000	f	f	2019-12-04 10:45:00+00
7541	0.1414	0.1414	f	f	2019-12-04 10:45:00+00
7542	0.0646	0.0646	f	f	2019-12-04 10:45:00+00
7543	0.1360	0.1183	t	f	2019-12-04 10:45:00+00
7544	0.1969	0.1712	t	f	2019-12-04 10:45:00+00
7545	0.0567	0.0436	t	t	2019-12-04 10:45:00+00
7546	0.3009	0.3009	f	f	2019-12-04 10:45:00+00
7548	0.0058	0.0058	f	f	2019-12-04 10:45:00+00
7549	0.5429	0.5429	f	f	2019-12-04 10:45:00+00
7547	0.0086	0.0086	f	f	2019-12-04 10:45:00+00
7550	0.2010	0.2010	f	f	2019-12-04 10:45:00+00
7551	0.0123	0.0123	f	f	2019-12-04 10:45:00+00
7552	0.0376	0.0376	f	f	2019-12-04 10:45:00+00
7553	0.0086	0.0086	f	f	2019-12-04 10:45:00+00
7554	0.2480	0.2480	f	f	2019-12-04 10:45:00+00
7556	0.1712	0.1489	t	f	2019-12-04 10:45:00+00