base_pid	rec_pid	score	pairs_seen	updated_at
1005169	1005100	4.7520	5	2019-12-31 08:30:00+00
16300031	35000029	-1.0000	1	2019-12-31 08:30:00+00
1005212	1005225	-1.0000	1	2019-12-31 08:30:00+00
12301091	5801577	-1.0000	1	2019-12-31 08:30:00+00
1005135	100017960	-1.0000	1	2019-12-31 08:30:00+00
1004227	1005072	-1.0000	1	2019-12-31 08:30:00+00
5100269	5100334	5.7883	6	2019-12-31 08:30:00+00
32601074	32601038	-1.0000	1	2019-12-31 08:30:00+00
4804718	4804056	-1.0000	2	2019-12-31 08:30:00+00
15200489	15200759	-1.0000	1	2019-12-31 08:30:00+00
19900044	5301039	2.4746	4	2019-12-31 08:30:00+00
2601938	2601810	-1.0000	1	2019-12-31 08:30:00+00
5800792	5700518	-1.0000	1	2019-12-31 08:30:00+00
1004838	5100533	-1.0000	2	2019-12-31 08:30:00+00
1005179	1005186	-1.0000	1	2019-12-31 08:30:00+00
100021319	1004958	-1.0000	2	2019-12-31 08:30:00+00
26400291	26400634	-1.0000	1	2019-12-31 08:30:00+00
28718289	28718471	-1.0000	1	2019-12-31 08:30:00+00
21406061	26300078	4.4183	6	2019-12-31 08:30:00+00
1004227	1005177	3.5094	7	2019-12-31 08:30:00+00
22700202	4502276	3.9784	4	2019-12-31 08:30:00+00
1005160	1005169	14.0957	17	2019-12-31 08:30:00+00
11200330	3701056	-1.0000	1	2019-12-31 08:30:00+00
1005101	1004259	-1.0000	1	2019-12-31 08:30:00+00
11500908	11500838	-1.0000	1	2019-12-31 08:30:00+00
7600132	7600569	-1.0000	1	2019-12-31 08:30:00+00
1801513	1801847	-1.0000	1	2019-12-31 08:30:00+00
1002544	1002540	5.3878	7	2019-12-31 08:30:00+00
21400515	1005238	-1.0000	1	2019-12-31 08:30:00+00
1801849	1801223	-1.0000	1	2019-12-31 08:30:00+00
10600074	21200003	-1.0000	2	2019-12-31 08:30:00+00
7202703	7201783	-1.0000	1	2019-12-31 08:30:00+00
1004870	1004767	12.3704	19	2019-12-31 08:30:00+00
6301342	6300198	1.0914	4	2019-12-31 08:30:00+00
1004767	1004856	20.7441	24	2019-12-31 08:30:00+00
32601075	32601004	-1.0000	1	2019-12-31 08:30:00+00
8800284	8800939	-1.0000	1	2019-12-31 08:30:00+00
17301441	100013927	2.0164	4	2019-12-31 08:30:00+00
1004748	1005256	-1.0000	1	2019-12-31 08:30:00+00
1004709	1005003	-1.0000	1	2019-12-31 08:30:00+00