report_date	product_id	units	revenue	created_at
2019-09-25	1004856	1	9.99	2019-09-26 10:00:00+00
2019-09-30	1002524	1	514.76	2019-10-01 10:00:00+00
2019-09-30	1004249	1	738.61	2019-10-01 10:00:00+00
2019-09-30	1004767	2	509.52	2019-10-01 10:00:00+00
2019-09-30	1004833	1	174.75	2019-10-01 10:00:00+00
2019-09-30	1004856	2	261.52	2019-10-01 10:00:00+00
2019-09-30	1200947	1	115.41	2019-10-01 10:00:00+00
2019-09-30	3100927	1	25.71	2019-10-01 10:00:00+00
2019-09-30	5100737	1	150.95	2019-10-01 10:00:00+00
2019-09-30	16600062	1	200.78	2019-10-01 10:00:00+00
2019-10-01	1002524	4	2057.79	2019-10-02 10:00:00+00
2019-10-01	1002544	1	464.06	2019-10-02 10:00:00+00
2019-10-01	1002548	1	579.68	2019-10-02 10:00:00+00
2019-10-01	1002633	1	360.06	2019-10-02 10:00:00+00
2019-10-01	1003855	1	140.91	2019-10-02 10:00:00+00
2019-10-01	1004144	1	128.38	2019-10-02 10:00:00+00
2019-10-01	1004209	1	95.21	2019-10-02 10:00:00+00
2019-10-01	1004210	1	90.07	2019-10-02 10:00:00+00
2019-10-01	1004238	1	1205.18	2019-10-02 10:00:00+00
2019-10-01	1004246	1	734.81	2019-10-02 10:00:00+00
2019-10-01	1004249	1	737.04	2019-10-02 10:00:00+00
2019-10-01	1004659	2	1574.19	2019-10-02 10:00:00+00
2019-10-01	1004739	1	197.52	2019-10-02 10:00:00+00
2019-10-01	1004766	1	253.33	2019-10-02 10:00:00+00
2019-10-01	1004767	5	1271.93	2019-10-02 10:00:00+00
2019-10-01	1004768	1	253.31	2019-10-02 10:00:00+00
2019-10-01	1004781	1	278.24	2019-10-02 10:00:00+00
2019-10-01	1004785	2	557.04	2019-10-02 10:00:00+00
2019-10-01	1004788	1	133.66	2019-10-02 10:00:00+00
2019-10-01	1004833	1	174.75	2019-10-02 10:00:00+00
2019-10-01	1004836	3	723.52	2019-10-02 10:00:00+00
2019-10-01	1004856	3	392.10	2019-10-02 10:00:00+00
2019-10-01	1004887	1	153.02	2019-10-02 10:00:00+00
2019-10-01	1004903	1	111.79	2019-10-02 10:00:00+00
2019-10-01	1004948	1	800.12	2019-10-02 10:00:00+00
2019-10-01	1004957	1	348.50	2019-10-02 10:00:00+00
2019-10-01	1004961	1	179.36	2019-10-02 10:00:00+00
2019-10-01	1004990	1	257.38	2019-10-02 10:00:00+00
2019-10-01	1005014	1	614.55	2019-10-02 10:00:00+00
2019-10-01	1005073	1	1205.97	2019-10-02 10:00:00+00