order_id	product_id	price	session	payment_ref	created_at
7069	1004767	246.96	f6666096-907a-4770-810e-c717b592cddb	PR-f6666096-1004767	2019-11-22 18:12:11+00
7070	1002524	532.83	9916c657-495d-44ef-b8c9-3d79f4ba3bcc	PR-9916c657-1002524	2019-11-22 18:32:19+00
7071	53300012	25.71	cd00461f-91cd-4b9d-abcc-4a79ec63bca8	PR-cd00461f-53300012	2019-11-22 16:35:50+00
7072	4700694	56.6	22156406-d225-4276-8c7c-11d178b9e79d	PR-22156406-4700694	2019-11-22 15:18:05+00
7073	1002544	487.79	6586e7bb-a025-4c6d-aa60-42f6059a5b43	PR-6586e7bb-1002544	2019-11-22 16:14:25+00
7074	12707458	171.95	1eaf61b5-a1ce-4a8b-b2bd-85ae30685d85	PR-1eaf61b5-12707458	2019-11-22 18:04:11+00
7075	1005204	130.99	191019c6-4da1-46c3-b5f9-339c2d01690a	PR-191019c6-1005204	2019-11-22 15:45:31+00
7076	12500182	176.84	d36fe4f9-c9f7-49b6-8696-bdbc7200802e	PR-d36fe4f9-12500182	2019-11-22 20:23:30+00
7077	8801100	94.65	e14adfb0-e0c5-4d77-8722-7b8797599780	PR-e14adfb0-8801100	2019-11-22 20:28:45+00
7078	1004741	187.65	d6cebe00-ece3-4241-9d77-ea40c500804d	PR-d6cebe00-1004741	2019-11-23 05:31:20+00
7079	1004856	126.26	94319da8-c861-43f6-8e63-695ab0c0865a	PR-94319da8-1004856	2019-11-23 04:50:39+00
7080	1005100	134.78	76fbe7cf-349d-4623-914f-0b946a08b4b4	PR-76fbe7cf-1005100	2019-11-23 05:38:32+00
7082	100010062	414.4	0fd14e40-05a5-4bb7-9cd3-03a236282d0a	PR-0fd14e40-100010062	2019-11-22 21:58:23+00
7083	21400515	91.35	af226e6f-2e81-4f11-b9b6-c23946d849fc	PR-af226e6f-21400515	2019-11-23 07:11:31+00
7082	6600508	88.28	0fd14e40-05a5-4bb7-9cd3-03a236282d0a	PR-0fd14e40-6600508	2019-11-22 21:59:27+00
7083	4803399	41.16	af226e6f-2e81-4f11-b9b6-c23946d849fc	PR-af226e6f-4803399	2019-11-23 07:19:55+00
7082	4804539	0.87	0fd14e40-05a5-4bb7-9cd3-03a236282d0a	PR-0fd14e40-4804539	2019-11-22 22:00:41+00
7084	1004856	126.22	9a0b54b0-a89b-4299-918d-37bfee8dd060	PR-9a0b54b0-1004856	2019-11-23 08:28:33+00
7085	11500882	10.27	4fa248d0-b920-4bab-aa99-41e449a0d36e	PR-4fa248d0-11500882	2019-11-23 08:19:11+00
7086	5100816	32.16	2fe929c7-437c-471b-b53d-bc3a762942a2	PR-2fe929c7-5100816	2019-11-23 08:20:46+00
7087	4803399	41.16	2b02499d-5382-46ff-947e-2c0e2227f529	PR-2b02499d-4803399	2019-11-23 08:00:41+00
7088	1004833	169.94	b53dc6d1-5cbf-45b8-aa1b-4f19d0fd8456	PR-b53dc6d1-1004833	2019-11-23 08:40:02+00
7089	1004756	87.21	24afdcd9-5cb4-4d8c-8b69-859941284189	PR-24afdcd9-1004756	2019-11-23 09:57:33+00
7090	1005115	916.37	e1eb42d1-fb04-4559-8e7d-f48ace1c8fc8	PR-e1eb42d1-1005115	2019-11-23 09:49:21+00
7091	1005100	134.73	5dbf6c00-2686-458d-96ab-89a0d1011f7d	PR-5dbf6c00-1005100	2019-11-23 09:35:31+00
7088	1004566	164.88	b53dc6d1-5cbf-45b8-aa1b-4f19d0fd8456	PR-b53dc6d1-1004566	2019-11-23 08:49:14+00
7092	26700142	88.78	269fd0bc-422a-cbff-aed0-6a042287d028	PR-269fd0bc-26700142	2019-11-23 10:26:35+00
7093	3601527	386.08	dbdde5a3-a795-44d2-af8b-fe6ac2074c50	PR-dbdde5a3-3601527	2019-11-23 10:17:00+00
7094	29502431	61.52	8934dc76-d0b0-4f3a-9028-e7243687a840	PR-8934dc76-29502431	2019-11-23 10:50:43+00
7095	1004833	169.94	9027dc27-c262-429d-b7dc-26a39024e431	PR-9027dc27-1004833	2019-11-23 10:25:37+00
7096	1005100	134.73	81995c66-db84-461e-a94d-0a9d3f7dd321	PR-81995c66-1005100	2019-11-23 10:59:30+00
7097	1004856	126.22	e24ac998-028d-4b6e-9122-0294bae91254	PR-e24ac998-1004856	2019-11-23 11:07:12+00
7098	8801100	94.65	7a964a0c-feec-4681-9eee-98ea2acf0ad8	PR-7a964a0c-8801100	2019-11-23 11:07:18+00
7099	5100816	32.16	bee0a0d3-a9e9-4542-841b-9912d8be5d96	PR-bee0a0d3-5100816	2019-11-23 11:09:47+00
7100	1005132	1312.26	eee2e164-0f18-4211-b49c-30885a682fda	PR-eee2e164-1005132	2019-11-23 11:29:35+00
7101	29502431	61.52	b0121744-e339-4a65-ab34-1167bf611d72	PR-b0121744-29502431	2019-11-23 11:55:03+00
7102	26601755	70.01	822e9095-ae41-4152-afd8-f99c2de7bec4	PR-822e9095-26601755	2019-11-23 14:12:41+00
7103	48400003	90.07	397b8676-d193-4eeb-8270-833a99eb1697	PR-397b8676-48400003	2019-11-23 13:44:27+00
7104	1005021	386.08	477eccfe-a696-4aad-ae68-c462750d4cea	PR-477eccfe-1005021	2019-11-23 12:55:26+00
7105	1002544	487.53	6b65ab33-cd3d-4727-902d-4d9418e8fd98	PR-6b65ab33-1002544	2019-11-23 14:22:11+00