id	user_id	product_id	session	created_at
1	424242	1004856	qa-smoke	2019-09-25 12:30:00+00
2	547303407	4804295	f7f24a41-eb55-4ccf-895e-c778c26522cb	2019-10-01 05:35:33+00
3	519322007	1004961	71fd67fe-b222-4879-b9da-a3652c3a60d8	2019-10-01 05:20:00+00
4	555275207	1004767	5fa7482f-8d5f-4db2-8e50-6401689ba2ab	2019-10-01 03:26:17+00
5	555275207	1004767	5fa7482f-8d5f-4db2-8e50-6401689ba2ab	2019-10-01 03:26:28+00
6	555275207	1004767	5fa7482f-8d5f-4db2-8e50-6401689ba2ab	2019-10-01 03:27:21+00
7	521696007	1005014	6a0a7a89-9f4d-4038-b092-3a8e02510849	2019-10-01 05:33:08+00
8	513337407	1002524	caf94e5a-cf89-41db-b2f6-b6eba2d887a4	2019-10-01 03:38:45+00
9	517857007	1004249	1ea18365-2549-47c6-a562-57c03b8cbb24	2019-10-01 03:14:43+00
10	513337407	1002524	caf94e5a-cf89-41db-b2f6-b6eba2d887a4	2019-10-01 03:38:55+00
11	555500207	1004659	a0f2e342-b71c-4447-b225-d2ae68a4d66d	2019-10-01 05:44:30+00
12	555500207	1004659	a0f2e342-b71c-4447-b225-d2ae68a4d66d	2019-10-01 05:44:38+00
13	555500207	1004659	a0f2e342-b71c-4447-b225-d2ae68a4d66d	2019-10-01 05:44:38+00
14	555500207	1004659	a0f2e342-b71c-4447-b225-d2ae68a4d66d	2019-10-01 05:45:09+00
15	525135407	5100737	8b037b71-65ed-4dcf-a187-080142603c49	2019-10-01 03:54:10+00
16	512384407	1004768	2152163a-35a9-4053-bf1f-f290e45d5c5d	2019-10-01 04:27:39+00
17	551672807	1004767	4e12caec-2ac1-46bf-a1e2-9f86f3c57e13	2019-10-01 04:43:21+00
18	525135407	5100737	8b037b71-65ed-4dcf-a187-080142603c49	2019-10-01 03:54:18+00
19	543158607	1004990	26975d80-61c2-48de-a652-0170436ad00b	2019-10-01 05:22:14+00
21	525135407	5100737	8b037b71-65ed-4dcf-a187-080142603c49	2019-10-01 03:54:38+00
20	512384407	1004768	2152163a-35a9-4053-bf1f-f290e45d5c5d	2019-10-01 04:29:28+00
22	529516607	1801690	ad48677a-4bc3-4e36-8e54-0aa51c2bb398	2019-10-01 03:05:12+00
23	551672807	1004767	4e12caec-2ac1-46bf-a1e2-9f86f3c57e13	2019-10-01 04:43:34+00
24	519261607	1200947	9d1c0016-d8c4-4869-a3af-5cad90bce03b	2019-10-01 03:46:00+00
25	529516607	1801690	ad48677a-4bc3-4e36-8e54-0aa51c2bb398	2019-10-01 03:05:29+00
26	551672807	1004766	4e12caec-2ac1-46bf-a1e2-9f86f3c57e13	2019-10-01 04:45:33+00
27	529516607	1801904	ad48677a-4bc3-4e36-8e54-0aa51c2bb398	2019-10-01 03:31:13+00
28	550121407	5100816	6f623695-9581-4633-813f-825b8760c7ae	2019-10-01 00:05:14+00
29	555493807	6000094	28f5387a-c133-41aa-886e-00e533fcf629	2019-10-01 05:16:09+00
30	555493807	6000094	28f5387a-c133-41aa-886e-00e533fcf629	2019-10-01 05:16:36+00
31	538671807	4803977	17c6d3d1-6fea-493c-8742-203fcd0e3924	2019-10-01 06:08:09+00
32	539343207	5100503	778334e1-5498-4e5a-8f75-7c1df2ac90e5	2019-10-01 07:09:03+00
33	543596807	3700779	5cb2f6f3-1f3d-4e94-974e-e0301f84d8e8	2019-10-01 08:37:20+00
34	545378607	1004565	b2efffa9-9d2f-4fe8-a50b-213978efa50c	2019-10-01 07:39:26+00
35	543596807	3700779	5cb2f6f3-1f3d-4e94-974e-e0301f84d8e8	2019-10-01 08:38:24+00
36	547303407	4804295	efb24d39-2cde-4e41-a3f0-db1a104cc2d6	2019-10-01 06:10:52+00
37	537170007	5100816	4793724b-4501-49df-aa0f-ed003cef79b0	2019-10-01 06:53:58+00
38	538671807	4803977	17e60b94-0bc2-424a-a850-0548b45d9767	2019-10-01 09:42:31+00
39	555555807	1004836	078ee56d-0114-4f91-badc-4211c2e31e7a	2019-10-01 09:07:47+00
40	547303407	4804295	efb24d39-2cde-4e41-a3f0-db1a104cc2d6	2019-10-01 06:11:47+00