uid	account_id	linked_at
424242	cc27b436-d6f9-4e84-adaf-e716025dd369	2019-12-01 16:30:00+00
476509207	24187c37-67e5-4b42-8605-d28fa860f020	2019-12-01 16:30:00+00
503600407	ba2fa6cc-d34d-440a-9268-28b535e9edf0	2019-12-01 16:30:00+00
512364407	8c25486a-55cf-442e-8281-b16fc33a8495	2019-12-01 16:30:00+00
512371207	48cc1428-072b-4450-9fc0-02fce333cf18	2019-12-01 16:30:00+00
512373207	6f08c084-2805-4b31-9b7d-627e40e2a978	2019-12-01 16:30:00+00
512384207	4fb171c5-c058-49fa-8254-28b954700615	2019-12-01 16:30:00+00
512386207	44264e7e-c430-4544-bf6e-87e515ea7e42	2019-12-01 16:30:00+00
512393807	e51d09c5-09ca-42aa-b76c-7d667eb32a5b	2019-12-01 16:30:00+00
512397607	dafda8a8-d031-4277-a7a4-cb047daa6e72	2019-12-01 16:30:00+00
512399407	446de260-6522-4f0f-82f5-8971568615af	2019-12-01 16:30:00+00
512404007	1abbc0ab-b7ca-4ee6-bf2f-4e38a82bd023	2019-12-01 16:30:00+00
512404607	a0a1679f-c452-47bc-9582-5d72bb870533	2019-12-01 16:30:00+00
512406007	02a024d4-2805-430b-96b9-27cd2de68950	2019-12-01 16:30:00+00
512407407	2839a711-18a9-449a-8823-b2fce934dbf8	2019-12-01 16:30:00+00
512407807	cf343f00-44b4-4d6f-ad77-66d5b0892463	2019-12-01 16:30:00+00
512408607	0066589a-787b-400c-bbf8-0a3f2410f35a	2019-12-01 16:30:00+00
512416607	eab0879f-715c-48d6-a384-df25c65a59d0	2019-12-01 16:30:00+00
512418607	74b18d03-84d3-4ae0-b6c3-839bd4c8beda	2019-12-01 16:30:00+00
512419807	6c0a93a0-3939-482a-a3ac-f3853c9f559e	2019-12-01 16:30:00+00
512421607	651202aa-de5a-4beb-960b-5abfdef10907	2019-12-01 16:30:00+00
512421807	950609f2-e1ad-4cb3-b7da-e8e83ce3aa64	2019-12-01 16:30:00+00
512422607	c6016047-0e9c-464c-b367-da3e3b1b6a95	2019-12-01 16:30:00+00
512425007	1ec354e9-df3f-4090-9c61-d23ea8403194	2019-12-01 16:30:00+00
512427407	c353d309-e6dd-49be-9fc0-2d09be2ad353	2019-12-01 16:30:00+00
512436007	4f23b709-3233-4e22-b378-da74a70dc9d4	2019-12-01 16:30:00+00
512441407	a587a013-1a99-4644-b6e5-681692c52b4f	2019-12-01 16:30:00+00
512442007	e63fa04d-1629-4ce1-ad51-2bb5f873cb57	2019-12-01 16:30:00+00
512443007	c809ae36-c464-486e-a8e7-2510e5744d8d	2019-12-01 16:30:00+00
512446607	29cadbe8-8f82-4a89-b8b2-5e21eaa51ac8	2019-12-01 16:30:00+00