id	email	name	region	signup_channel	device	age_band	marketing_opt_in	created_at
519926007	user519926007@example.com	isha nair	east	google_ads	ios	35-44	t	2019-10-23 14:42:30+00
555392407	user555392407@example.com	sara verma	northeast	referral	android	45-54	t	2019-10-01 01:40:33+00
544472007	user544472007@example.com	nisha gupta	northeast	referral	ios	45-54	t	2019-10-01 02:23:55+00
529548807	user529548807@example.com	rohan joshi	north	email	android	35-44	f	2019-10-01 02:32:25+00
520476407	user520476407@example.com	veer bose	central	email	ios	45-54	t	2019-10-01 02:51:54+00
518384607	user518384607@example.com	rohan das	north	referral	android	35-44	t	2019-10-01 02:33:15+00
521167007	user521167007@example.com	aarav das	west	organic	ios	25-34	t	2019-10-01 04:33:05+00
516712807	user516712807@example.com	isha verma	east	organic	android	18-24	f	2019-10-01 04:11:23+00
555255607	user555255607@example.com	diya khan	northeast	organic	web	35-44	t	2019-10-01 02:28:26+00
522916807	user522916807@example.com	kabir menon	northeast	referral	web	25-34	t	2019-10-01 02:47:51+00
540800007	user540800007@example.com	tara das	central	facebook	ios	25-34	f	2019-10-01 03:05:23+00
540094607	user540094607@example.com	anaya bose	north	google_ads	ios	45-54	f	2019-10-01 03:20:55+00
519095207	user519095207@example.com	nisha khan	west	google_ads	ios	55+	t	2019-10-01 02:37:39+00
554492007	user554492007@example.com	diya shah	northeast	facebook	ios	25-34	t	2019-10-01 02:35:14+00
517641407	user517641407@example.com	kian kulkarni	northeast	email	android	18-24	t	2019-10-01 02:33:48+00
513755807	user513755807@example.com	anaya singh	northeast	organic	web	45-54	t	2019-10-01 02:36:07+00
555465207	user555465207@example.com	arjun joshi	north	email	web	18-24	f	2019-10-01 02:41:52+00
512528407	user512528407@example.com	anaya iyer	central	facebook	android	25-34	f	2019-10-01 02:51:01+00
519450207	user519450207@example.com	kian rao	central	influencer	ios	55+	f	2019-10-01 05:33:31+00
547303407	user547303407@example.com	dev verma	south	referral	web	35-44	t	2019-10-01 05:34:43+00
538391007	user538391007@example.com	isha iyer	central	google_ads	android	45-54	t	2019-10-01 03:07:36+00
554893607	user554893607@example.com	kian menon	west	google_ads	android	18-24	t	2019-10-01 05:28:09+00
514997007	user514997007@example.com	rohan joshi	northeast	influencer	ios	45-54	t	2019-10-01 03:31:26+00
513612007	user513612007@example.com	kian kulkarni	northeast	referral	ios	25-34	f	2019-10-01 03:33:36+00
554408407	user554408407@example.com	vivaan kulkarni	west	google_ads	ios	18-24	t	2019-10-01 03:37:56+00
555275207	user555275207@example.com	meera sharma	south	facebook	ios	35-44	t	2019-10-01 03:24:51+00
553723007	user553723007@example.com	diya rao	east	organic	android	45-54	t	2019-10-01 03:26:29+00
555477807	user555477807@example.com	veer kulkarni	west	influencer	web	35-44	t	2019-10-01 03:56:23+00
513768607	user513768607@example.com	arjun joshi	north	referral	web	18-24	t	2019-10-01 04:04:20+00
518663207	user518663207@example.com	rohan kulkarni	northeast	google_ads	android	55+	t	2019-10-01 03:30:14+00
551855007	user551855007@example.com	tara iyer	central	email	ios	25-34	t	2019-10-01 03:34:08+00
517721607	user517721607@example.com	meera kulkarni	northeast	facebook	android	18-24	t	2019-10-01 03:48:01+00
513706407	user513706407@example.com	priya khan	northeast	influencer	ios	25-34	t	2019-10-01 04:27:24+00
555120207	user555120207@example.com	rohan rao	north	email	android	45-54	t	2019-10-01 04:09:45+00
552108607	user552108607@example.com	anaya iyer	north	facebook	web	25-34	t	2019-10-01 04:31:07+00
545524407	user545524407@example.com	kabir shah	northeast	referral	web	45-54	t	2019-10-01 04:33:44+00
541892407	user541892407@example.com	diya shah	west	facebook	android	35-44	t	2019-10-01 04:41:30+00
522617007	user522617007@example.com	priya joshi	north	facebook	ios	45-54	t	2019-10-01 04:03:50+00
546673007	user546673007@example.com	vivaan kulkarni	east	referral	android	18-24	t	2019-10-01 04:09:15+00
513787807	user513787807@example.com	nisha sharma	central	facebook	web	25-34	f	2019-10-01 04:54:08+00