id	user_id	product_id	price	payment_ref	status	created_at	updated_at
2	555465207	1004856	130.76	PR-28943208-1004856	2	2019-10-01 02:45:13+00	2019-11-05 16:00:00+00
3	554408407	1004833	174.75	PR-45263c74-1004833	2	2019-10-01 03:39:21+00	2019-11-05 16:00:00+00
4	512559007	3100927	25.71	PR-85ab8ebd-3100927	2	2019-10-01 03:11:54+00	2019-11-05 16:00:00+00
5	519322007	1004961	179.36	PR-71fd67fe-1004961	2	2019-10-01 05:21:43+00	2019-11-05 16:00:00+00
6	555275207	1004767	254.76	PR-5fa7482f-1004767	2	2019-10-01 03:26:49+00	2019-11-05 16:00:00+00
8	549643607	1004833	174.75	PR-904d8bb4-1004833	2	2019-10-01 04:51:18+00	2019-11-12 16:00:00+00
9	517857007	1004249	738.61	PR-1ea18365-1004249	2	2019-10-01 03:15:31+00	2019-11-12 16:00:00+00
10	555493007	1004739	197.52	PR-fc43c59c-1004739	2	2019-10-01 05:15:49+00	2019-11-12 16:00:00+00
11	521696007	1005014	614.55	PR-6a0a7a89-1005014	2	2019-10-01 05:33:49+00	2019-11-12 16:00:00+00
12	513337407	1002524	514.76	PR-caf94e5a-1002524	2	2019-10-01 03:39:36+00	2019-11-12 16:00:00+00
13	555120207	16600062	200.78	PR-a538b27d-16600062	2	2019-10-01 04:06:15+00	2019-11-19 16:00:00+00
15	555500207	1004659	787.11	PR-a0f2e342-1004659	2	2019-10-01 05:46:43+00	2019-11-19 16:00:00+00
14	518810007	12704045	59.20	PR-4c4593ce-12704045	2	2019-10-01 04:33:45+00	2019-11-19 16:00:00+00
16	514997007	1004856	130.76	PR-44d86390-1004856	2	2019-10-01 03:03:51+00	2019-11-19 16:00:00+00
17	549085007	1004767	254.76	PR-74c55c62-1004767	2	2019-10-01 04:11:29+00	2019-11-19 16:00:00+00
18	526936407	1005115	975.57	PR-2b6512b1-1005115	2	2019-10-01 05:55:05+00	2019-11-19 16:00:00+00
19	555120207	16600062	200.78	PR-74750a14-16600062	3	2019-10-01 03:52:19+00	2019-11-19 16:00:00+00
20	543158607	1004990	257.38	PR-26975d80-1004990	3	2019-10-01 05:27:35+00	2019-11-19 16:00:00+00
21	541664207	1004781	278.24	PR-2fb7e210-1004781	3	2019-10-01 05:51:35+00	2019-11-19 16:00:00+00
22	512384407	1004768	253.31	PR-2152163a-1004768	3	2019-10-01 04:29:45+00	2019-11-19 16:00:00+00
23	525135407	5100737	150.95	PR-8b037b71-5100737	2	2019-10-01 03:55:45+00	2019-11-26 16:00:00+00
24	551672807	1004767	254.76	PR-4e12caec-1004767	2	2019-10-01 04:44:42+00	2019-11-26 16:00:00+00
25	519261607	1200947	115.41	PR-9d1c0016-1200947	2	2019-10-01 03:46:54+00	2019-11-26 16:00:00+00
26	551672807	1004766	253.33	PR-4e12caec-1004766	2	2019-10-01 04:45:42+00	2019-11-26 16:00:00+00
27	543677607	12703015	42.99	PR-e7ada57a-12703015	2	2019-10-01 05:09:26+00	2019-11-26 16:00:00+00
28	526030207	6200514	15.42	PR-14db9114-6200514	2	2019-10-01 05:26:14+00	2019-11-26 16:00:00+00
29	543677607	6000094	121.24	PR-e7ada57a-6000094	3	2019-10-01 05:10:46+00	2019-11-26 16:00:00+00
30	522138007	7901070	115.78	PR-62317dba-7901070	3	2019-10-01 07:33:46+00	2019-11-26 16:00:00+00
31	531151607	1005135	1747.79	PR-340945b9-1005135	3	2019-10-01 08:12:13+00	2019-11-26 16:00:00+00
32	518565207	42000009	205.93	PR-addbcf44-42000009	3	2019-10-01 08:37:29+00	2019-11-26 16:00:00+00
33	518565207	7900985	82.14	PR-addbcf44-7900985	2	2019-10-01 09:01:18+00	2019-12-03 16:00:00+00
34	518565207	7900985	82.14	PR-addbcf44-7900985	2	2019-10-01 09:02:23+00	2019-12-03 16:00:00+00
35	516347607	12711271	45.05	PR-024efcb5-12711271	2	2019-10-01 08:57:52+00	2019-12-03 16:00:00+00
36	555555807	1004836	241.18	PR-078ee56d-1004836	2	2019-10-01 09:08:44+00	2019-12-03 16:00:00+00
37	514152807	1003855	140.91	PR-8a2d0fdb-1003855	2	2019-10-01 08:58:14+00	2019-12-03 16:00:00+00
38	555555207	1004856	130.70	PR-e9fe8ee9-1004856	2	2019-10-01 08:55:03+00	2019-12-03 16:00:00+00
39	517183407	1002544	464.06	PR-ceaf7938-1002544	3	2019-10-01 09:35:57+00	2019-12-03 16:00:00+00
40	555555207	1004209	95.21	PR-e9fe8ee9-1004209	3	2019-10-01 08:56:56+00	2019-12-03 16:00:00+00
41	545703807	4804409	66.87	PR-c2b974d9-4804409	3	2019-10-01 07:55:33+00	2019-12-03 16:00:00+00
42	554840807	15100221	940.82	PR-4ec0f689-15100221	3	2019-10-01 09:46:47+00	2019-12-03 16:00:00+00