rank	product_id	units	report_date	created_at
1	5100575	10	2019-11-06	2019-11-07 11:45:00+00
2	1004856	8	2019-11-06	2019-11-07 11:45:00+00
3	1005115	7	2019-11-06	2019-11-07 11:45:00+00
4	4804056	5	2019-11-06	2019-11-07 11:45:00+00
5	1004249	3	2019-11-06	2019-11-07 11:45:00+00
6	1004659	3	2019-11-06	2019-11-07 11:45:00+00
7	4804660	3	2019-11-06	2019-11-07 11:45:00+00
8	26405081	3	2019-11-06	2019-11-07 11:45:00+00
9	1004767	2	2019-11-06	2019-11-07 11:45:00+00
10	1005116	2	2019-11-06	2019-11-07 11:45:00+00
11	1005144	2	2019-11-06	2019-11-07 11:45:00+00
12	3600287	2	2019-11-06	2019-11-07 11:45:00+00
13	12700955	2	2019-11-06	2019-11-07 11:45:00+00
14	12701293	2	2019-11-06	2019-11-07 11:45:00+00
15	12704376	2	2019-11-06	2019-11-07 11:45:00+00
16	1002532	1	2019-11-06	2019-11-07 11:45:00+00
17	1002544	1	2019-11-06	2019-11-07 11:45:00+00
18	1002786	1	2019-11-06	2019-11-07 11:45:00+00
19	1003319	1	2019-11-06	2019-11-07 11:45:00+00
20	1003549	1	2019-11-06	2019-11-07 11:45:00+00
21	1004209	1	2019-11-06	2019-11-07 11:45:00+00
22	1004251	1	2019-11-06	2019-11-07 11:45:00+00
23	1004495	1	2019-11-06	2019-11-07 11:45:00+00
24	1004766	1	2019-11-06	2019-11-07 11:45:00+00
25	1004781	1	2019-11-06	2019-11-07 11:45:00+00
26	1004833	1	2019-11-06	2019-11-07 11:45:00+00
27	1004838	1	2019-11-06	2019-11-07 11:45:00+00
28	1004870	1	2019-11-06	2019-11-07 11:45:00+00
29	1004872	1	2019-11-06	2019-11-07 11:45:00+00
30	1004901	1	2019-11-06	2019-11-07 11:45:00+00
31	1005006	1	2019-11-06	2019-11-07 11:45:00+00
32	1005008	1	2019-11-06	2019-11-07 11:45:00+00
33	1005100	1	2019-11-06	2019-11-07 11:45:00+00
34	1005104	1	2019-11-06	2019-11-07 11:45:00+00
35	1005105	1	2019-11-06	2019-11-07 11:45:00+00
36	1005106	1	2019-11-06	2019-11-07 11:45:00+00
37	1005113	1	2019-11-06	2019-11-07 11:45:00+00
38	1005169	1	2019-11-06	2019-11-07 11:45:00+00
39	1005174	1	2019-11-06	2019-11-07 11:45:00+00
40	1005182	1	2019-11-06	2019-11-07 11:45:00+00