account_id	email	created_at
cc27b436-d6f9-4e84-adaf-e716025dd369	cust424242@gmail.example	2019-12-01 16:30:00+00
24187c37-67e5-4b42-8605-d28fa860f020	cust476509207@gmail.example	2019-12-01 16:30:00+00
ba2fa6cc-d34d-440a-9268-28b535e9edf0	user503600407@example.com	2019-12-01 16:30:00+00
8c25486a-55cf-442e-8281-b16fc33a8495	user512364407@example.com	2019-12-01 16:30:00+00
48cc1428-072b-4450-9fc0-02fce333cf18	user512371207@example.com	2019-12-01 16:30:00+00
6f08c084-2805-4b31-9b7d-627e40e2a978	cust512373207@gmail.example	2019-12-01 16:30:00+00
4fb171c5-c058-49fa-8254-28b954700615	cust512384207@gmail.example	2019-12-01 16:30:00+00
44264e7e-c430-4544-bf6e-87e515ea7e42	user512386207@example.com	2019-12-01 16:30:00+00
e51d09c5-09ca-42aa-b76c-7d667eb32a5b	user512393807@example.com	2019-12-01 16:30:00+00
dafda8a8-d031-4277-a7a4-cb047daa6e72	cust512397607@gmail.example	2019-12-01 16:30:00+00
446de260-6522-4f0f-82f5-8971568615af	cust512399407@gmail.example	2019-12-01 16:30:00+00
1abbc0ab-b7ca-4ee6-bf2f-4e38a82bd023	cust512404007@gmail.example	2019-12-01 16:30:00+00
a0a1679f-c452-47bc-9582-5d72bb870533	cust512404607@gmail.example	2019-12-01 16:30:00+00
02a024d4-2805-430b-96b9-27cd2de68950	cust512406007@gmail.example	2019-12-01 16:30:00+00
2839a711-18a9-449a-8823-b2fce934dbf8	user512407407@example.com	2019-12-01 16:30:00+00
cf343f00-44b4-4d6f-ad77-66d5b0892463	user512407807@example.com	2019-12-01 16:30:00+00
0066589a-787b-400c-bbf8-0a3f2410f35a	user512408607@example.com	2019-12-01 16:30:00+00
eab0879f-715c-48d6-a384-df25c65a59d0	user512416607@example.com	2019-12-01 16:30:00+00
74b18d03-84d3-4ae0-b6c3-839bd4c8beda	user512418607@example.com	2019-12-01 16:30:00+00
6c0a93a0-3939-482a-a3ac-f3853c9f559e	user512419807@example.com	2019-12-01 16:30:00+00
651202aa-de5a-4beb-960b-5abfdef10907	user512421607@example.com	2019-12-01 16:30:00+00
950609f2-e1ad-4cb3-b7da-e8e83ce3aa64	cust512421807@gmail.example	2019-12-01 16:30:00+00
c6016047-0e9c-464c-b367-da3e3b1b6a95	cust512422607@gmail.example	2019-12-01 16:30:00+00
1ec354e9-df3f-4090-9c61-d23ea8403194	user512425007@example.com	2019-12-01 16:30:00+00
c353d309-e6dd-49be-9fc0-2d09be2ad353	cust512427407@gmail.example	2019-12-01 16:30:00+00
4f23b709-3233-4e22-b378-da74a70dc9d4	cust512436007@gmail.example	2019-12-01 16:30:00+00
a587a013-1a99-4644-b6e5-681692c52b4f	cust512441407@gmail.example	2019-12-01 16:30:00+00
e63fa04d-1629-4ce1-ad51-2bb5f873cb57	cust512442007@gmail.example	2019-12-01 16:30:00+00
c809ae36-c464-486e-a8e7-2510e5744d8d	cust512443007@gmail.example	2019-12-01 16:30:00+00
29cadbe8-8f82-4a89-b8b2-5e21eaa51ac8	cust512446607@gmail.example	2019-12-01 16:30:00+00