id	order_id	gross	fee	net	created_at	payment_ref
1	1	9.99	0.29	9.70	2019-09-25 12:30:00+00	\N
2	2	130.76	3.79	126.97	2019-10-01 02:45:13+00	\N
3	3	174.75	5.07	169.68	2019-10-01 03:39:21+00	\N
4	4	25.71	0.75	24.96	2019-10-01 03:11:54+00	\N
5	5	179.36	5.20	174.16	2019-10-01 05:21:43+00	\N
6	6	254.76	7.39	247.37	2019-10-01 03:26:49+00	\N
7	7	254.76	7.39	247.37	2019-10-01 03:27:34+00	\N
8	8	174.75	5.07	169.68	2019-10-01 04:51:18+00	\N
9	9	738.61	21.42	717.19	2019-10-01 03:15:31+00	\N
10	10	197.52	5.73	191.79	2019-10-01 05:15:49+00	\N
11	11	614.55	17.82	596.73	2019-10-01 05:33:49+00	\N
12	12	514.76	14.93	499.83	2019-10-01 03:39:36+00	\N
13	14	59.20	1.72	57.48	2019-10-01 04:33:45+00	\N
14	13	200.78	5.82	194.96	2019-10-01 04:06:15+00	\N
15	15	787.11	22.83	764.28	2019-10-01 05:46:43+00	\N
16	16	130.76	3.79	126.97	2019-10-01 03:03:51+00	\N
17	17	254.76	7.39	247.37	2019-10-01 04:11:29+00	\N
18	18	975.57	28.29	947.28	2019-10-01 05:55:05+00	\N
19	19	200.78	5.82	194.96	2019-10-01 03:52:19+00	\N
20	20	257.38	7.46	249.92	2019-10-01 05:27:35+00	\N
21	21	278.24	8.07	270.17	2019-10-01 05:51:35+00	\N
22	22	253.31	7.35	245.96	2019-10-01 04:29:45+00	\N
23	23	150.95	4.38	146.57	2019-10-01 03:55:45+00	\N
24	24	254.76	7.39	247.37	2019-10-01 04:44:42+00	\N
25	25	115.41	3.35	112.06	2019-10-01 03:46:54+00	\N
26	26	253.33	7.35	245.98	2019-10-01 04:45:42+00	\N
27	27	42.99	1.25	41.74	2019-10-01 05:09:26+00	\N
28	28	15.42	0.45	14.97	2019-10-01 05:26:14+00	\N
29	29	121.24	3.52	117.72	2019-10-01 05:10:46+00	\N
30	30	115.78	3.36	112.42	2019-10-01 07:33:46+00	\N
31	31	1747.79	50.69	1697.10	2019-10-01 08:12:13+00	\N
32	32	205.93	5.97	199.96	2019-10-01 08:37:29+00	\N
33	33	82.14	2.38	79.76	2019-10-01 09:01:18+00	\N
34	34	82.14	2.38	79.76	2019-10-01 09:02:23+00	\N
35	35	45.05	1.31	43.74	2019-10-01 08:57:52+00	\N
36	36	241.18	6.99	234.19	2019-10-01 09:08:44+00	\N
37	37	140.91	4.09	136.82	2019-10-01 08:58:14+00	\N
38	38	130.70	3.79	126.91	2019-10-01 08:55:03+00	\N
39	39	464.06	13.46	450.60	2019-10-01 09:35:57+00	\N
40	40	95.21	2.76	92.45	2019-10-01 08:56:56+00	\N